{
  "name": "PE-直插板",
  "type": "C51",
  "dependenceList": [],
  "srcDirs": [
    "code"
  ],
  "virtualFolder": {
    "name": "<virtual_root>",
    "files": [],
    "folders": []
  },
  "outDir": "build",
  "deviceName": null,
  "packDir": null,
  "miscInfo": {
    "uid": "32ecad866174877c9ea4ad9a6451222d"
  },
  "targets": {
    "Debug": {
      "excludeList": [],
      "toolchain": "Keil_C51",
      "compileConfig": {
        "options": "null"
      },
      "uploader": "Custom",
      "uploadConfig": {
        "bin": "",
        "commandLine": "python ./tools/stcflash.py -p ${port} \"${hexFile}\"",
        "eraseChipCommand": ""
      },
      "uploadConfigMap": {},
      "custom_dep": {
        "name": "default",
        "incList": [],
        "libList": [],
        "sourceDirList": [],
        "defineList": [
          "DEBUG"
        ]
      }
    },
    "Release": {
      "excludeList": [],
      "toolchain": "Keil_C51",
      "compileConfig": {
        "options": "null"
      },
      "uploader": "Custom",
      "uploadConfig": {
        "bin": "",
        "commandLine": "python ./tools/stcflash.py -p ${port} \"${hexFile}\"",
        "eraseChipCommand": ""
      },
      "uploadConfigMap": {},
      "custom_dep": {
        "name": "default",
        "incList": [],
        "libList": [],
        "sourceDirList": [],
        "defineList": []
      }
    }
  },
  "version": "3.3"
}